2009.11.11 22:00:00.305,1.4894,1.49105,1.00,1.00
2009.11.11 22:00:04.024,1.48905,1.49085,1.00,1.00
2009.11.11 22:00:04.784,1.4887,1.4907,1.00,1.00
2009.11.11 22:00:05.023,1.48855,1.4906,1.00,1.00
2009.11.11 22:00:05.253,1.48855,1.49055,1.00,1.00
2009.11.11 22:00:11.122,1.4886,1.49045,1.00,1.00
2009.11.11 22:00:13.231,1.48835,1.49045,1.00,1.00
2009.11.11 22:00:13.921,1.4884,1.4906,1.00,1.00
2009.11.11 22:00:14.951,1.48855,1.4906,1.00,1.00
2009.11.11 22:00:15.301,1.4886,1.49075,1.00,1.00
2009.11.11 22:00:16.161,1.48865,1.4907,1.00,1.00
2009.11.11 22:00:17.450,1.48875,1.4907,1.00,1.00
2009.11.11 22:00:19.710,1.4886,1.4906,1.00,1.00
2009.11.11 22:00:21.390,1.48875,1.4906,1.00,1.00
2009.11.11 22:00:26.428,1.48875,1.4906,1.00,1.00
2009.11.11 22:00:26.658,1.4884,1.49055,1.00,1.00
2009.11.11 22:00:29.118,1.48865,1.49055,1.00,1.00
2009.11.11 22:00:43.874,1.48855,1.49055,1.00,1.00
2009.11.11 22:00:44.214,1.4885,1.49055,1.00,1.00
2009.11.11 22:00:46.743,1.48855,1.4907,1.00,1.00
2009.11.11 22:00:54.592,1.4885,1.49055,1.00,1.00
2009.11.11 22:01:05.819,1.4885,1.4903,1.00,1.00
2009.11.11 22:01:06.059,1.48845,1.4903,1.00,1.00
2009.11.11 22:01:06.279,1.48845,1.4903,1.00,1.00
2009.11.11 22:01:06.559,1.48845,1.4898,1.00,1.00
2009.11.11 22:01:07.368,1.48845,1.4898,1.00,1.00
2009.11.11 22:01:07.718,1.48845,1.4894,1.00,1.00
2009.11.11 22:01:08.588,1.48845,1.4894,1.00,1.00
2009.11.11 22:01:22.965,1.48845,1.48925,1.00,1.40
2009.11.11 22:02:06.744,1.4886,1.4894,1.20,1.00
2009.11.11 22:02:09.683,1.4888,1.4895,1.00,1.00
2009.11.11 22:02:17.462,1.4888,1.4894,1.00,1.00
2009.11.11 22:02:18.501,1.4888,1.48935,1.00,1.00
2009.11.11 22:02:19.421,1.4888,1.48945,1.00,1.00
2009.11.11 22:02:19.601,1.4888,1.4894,1.00,1.00
2009.11.11 22:02:20.811,1.4888,1.4894,1.00,1.00
2009.11.11 22:02:21.521,1.4888,1.48935,1.00,1.00
2009.11.11 22:02:27.139,1.4888,1.48925,1.00,1.00
2009.11.11 22:02:27.609,1.4889,1.4894,1.00,1.00
2009.11.11 22:02:27.779,1.4889,1.4894,1.10,1.00
2009.11.11 22:02:27.949,1.4889,1.4894,1.00,1.00
2009.11.11 22:02:28.119,1.4888,1.4894,1.00,1.00
2009.11.11 22:02:29.688,1.4888,1.48935,1.00,1.00
2009.11.11 22:02:33.418,1.4888,1.48945,1.00,1.00
2009.11.11 22:02:38.456,1.4889,1.48945,1.00,1.00
2009.11.11 22:02:44.335,1.4889,1.4894,1.00,1.00
2009.11.11 22:02:46.844,1.4889,1.48935,1.00,1.00
2009.11.11 22:02:55.272,1.4889,1.48945,1.00,1.00
2009.11.11 22:02:58.662,1.48905,1.48955,1.00,1.00
2009.11.11 22:02:59.011,1.48905,1.4895,1.50,1.00
2009.11.11 22:02:59.361,1.48895,1.4895,1.00,1.00
2009.11.11 22:03:00.401,1.48895,1.48945,1.00,1.00
2009.11.11 22:03:01.201,1.4888,1.48945,1.50,1.00
2009.11.11 22:03:14.568,1.4888,1.4894,1.50,1.00
2009.11.11 22:03:20.856,1.4888,1.48945,1.50,1.00
2009.11.11 22:03:27.815,1.4888,1.4894,1.50,1.00
2009.11.11 22:03:27.994,1.4888,1.4893,1.00,1.00
2009.11.11 22:03:28.235,1.48865,1.4892,1.50,1.00
2009.11.11 22:03:29.614,1.48875,1.4892,1.00,1.00
2009.11.11 22:03:30.544,1.4888,1.48925,1.00,1.00
2009.11.11 22:03:30.894,1.48865,1.48925,1.50,1.00
2009.11.11 22:03:31.614,1.48865,1.4892,1.50,1.00
2009.11.11 22:03:35.923,1.4888,1.4892,1.00,1.00
2009.11.11 22:03:48.379,1.4888,1.4893,1.00,1.00
2009.11.11 22:03:49.419,1.4888,1.4892,1.00,1.00
2009.11.11 22:03:51.069,1.4888,1.48945,1.00,1.00
2009.11.11 22:03:52.629,1.4888,1.4894,1.00,1.00
2009.11.11 22:03:52.859,1.4888,1.48935,1.00,1.00
2009.11.11 22:03:54.388,1.4888,1.48925,1.00,1.00
2009.11.11 22:03:54.678,1.4888,1.48935,1.00,1.00
2009.11.11 22:03:55.788,1.4888,1.4893,1.00,1.00
2009.11.11 22:03:58.387,1.48895,1.48945,1.00,1.00
2009.11.11 22:03:58.737,1.4889,1.48945,1.00,1.00
2009.11.11 22:03:59.527,1.4889,1.4894,1.00,1.00
2009.11.11 22:03:59.707,1.4888,1.48925,2.30,1.00
2009.11.11 22:03:59.817,1.4888,1.48925,3.10,1.00
2009.11.11 22:03:59.997,1.4888,1.48935,3.10,1.00
2009.11.11 22:04:01.696,1.4888,1.4893,4.70,1.00
2009.11.11 22:04:02.036,1.489,1.48955,1.00,1.00
2009.11.11 22:04:02.376,1.48895,1.48955,1.00,1.00
2009.11.11 22:04:02.726,1.4888,1.48955,1.00,1.00
2009.11.11 22:04:03.076,1.4889,1.48945,1.00,1.00
2009.11.11 22:04:04.366,1.4889,1.4894,1.00,1.00
2009.11.11 22:04:04.646,1.4888,1.48925,1.00,1.00
2009.11.11 22:04:07.345,1.48875,1.48925,2.30,1.00
2009.11.11 22:04:07.525,1.48895,1.48935,1.00,1.00
2009.11.11 22:04:07.875,1.4889,1.48935,1.00,1.00
2009.11.11 22:04:09.215,1.4889,1.48925,1.00,1.00
2009.11.11 22:04:09.335,1.4888,1.48915,1.00,1.00
2009.11.11 22:04:19.522,1.48875,1.48915,1.60,1.00
2009.11.11 22:04:19.912,1.4887,1.48915,1.60,1.00
2009.11.11 22:04:26.761,1.4887,1.4893,1.60,1.00
2009.11.11 22:04:29.760,1.4887,1.48935,1.70,1.00
2009.11.11 22:04:31.129,1.4887,1.48935,1.60,1.00
2009.11.11 22:04:31.239,1.48825,1.4891,1.00,1.00
2009.11.11 22:04:31.529,1.48805,1.4891,1.00,1.20
2009.11.11 22:04:31.759,1.48835,1.4891,1.00,1.00
2009.11.11 22:04:31.999,1.48835,1.4893,1.00,1.00
2009.11.11 22:04:32.809,1.4886,1.4892,2.80,1.00
2009.11.11 22:04:33.169,1.4883,1.4892,2.40,1.40
2009.11.11 22:04:35.298,1.48855,1.4893,1.50,1.00
2009.11.11 22:04:35.518,1.48855,1.4893,2.10,1.00
2009.11.11 22:04:37.388,1.4886,1.4893,1.00,1.00
2009.11.11 22:04:44.776,1.48865,1.48935,1.00,1.00
2009.11.11 22:04:46.426,1.4887,1.48935,1.00,1.00
2009.11.11 22:04:47.295,1.48875,1.48935,1.00,1.00
2009.11.11 22:04:49.375,1.4888,1.48945,1.00,1.00
2009.11.11 22:04:53.384,1.48875,1.4894,1.00,1.00
2009.11.11 22:04:58.413,1.48875,1.48935,1.00,1.00
2009.11.11 22:05:00.382,1.4888,1.4893,1.00,1.00
2009.11.11 22:05:00.612,1.48885,1.48925,1.00,1.00
2009.11.11 22:05:03.732,1.4889,1.48925,1.00,1.00
2009.11.11 22:05:03.852,1.48905,1.4895,1.00,1.00
2009.11.11 22:05:04.941,1.48905,1.48945,1.70,1.00
2009.11.11 22:05:05.301,1.48905,1.48945,2.50,1.00
2009.11.11 22:05:05.571,1.4892,1.4896,1.00,1.00
2009.11.11 22:05:42.322,1.48935,1.4897,1.00,1.00
2009.11.11 22:05:42.492,1.48925,1.4897,1.00,1.00
2009.11.11 22:05:43.612,1.48935,1.48975,1.00,1.00
2009.11.11 22:05:45.062,1.4893,1.4897,1.00,1.00
2009.11.11 22:05:50.750,1.48935,1.48975,1.00,1.00
2009.11.11 22:06:00.458,1.48887,1.48917,2.40,1.60
2009.11.11 22:06:00.569,1.48879,1.48909,4.30,1.00
2009.11.11 22:06:00.738,1.48879,1.48899,1.00,3.20
2009.11.11 22:06:00.849,1.48874,1.48904,2.70,1.60
2009.11.11 22:06:01.208,1.48877,1.48902,1.00,2.10
2009.11.11 22:06:02.138,1.48882,1.48902,2.80,1.00
2009.11.11 22:06:02.538,1.48879,1.48909,1.90,1.40
2009.11.11 22:06:02.698,1.4888,1.48915,1.60,2.40
2009.11.11 22:06:02.928,1.48884,1.48919,4.30,1.00
2009.11.11 22:06:05.317,1.4889,1.48925,1.90,3.00
2009.11.11 22:06:07.937,1.48892,1.48927,1.90,2.40
2009.11.11 22:06:08.387,1.48892,1.48927,1.00,1.60
2009.11.11 22:06:08.666,1.48892,1.48922,2.80,1.00
2009.11.11 22:06:08.907,1.48889,1.48919,1.90,2.40
2009.11.11 22:06:09.127,1.48888,1.48918,1.00,4.40
2009.11.11 22:06:11.156,1.4889,1.4892,2.70,3.20
2009.11.11 22:06:11.336,1.48892,1.48927,2.70,2.40
2009.11.11 22:06:11.506,1.48898,1.48933,1.00,4.40
2009.11.11 22:06:12.136,1.48908,1.48943,2.70,1.60
2009.11.11 22:06:12.366,1.48914,1.48944,2.80,1.00
2009.11.11 22:06:12.606,1.48906,1.48936,1.00,3.20
2009.11.11 22:06:12.776,1.48899,1.48929,1.00,3.20
2009.11.11 22:06:13.375,1.48896,1.48921,1.90,1.80
2009.11.11 22:06:15.245,1.48892,1.48917,1.10,2.40
2009.11.11 22:06:16.285,1.4889,1.48915,4.30,1.00
2009.11.11 22:06:16.645,1.48887,1.48907,1.60,1.60
2009.11.11 22:06:16.874,1.48875,1.4891,2.70,1.50
2009.11.11 22:06:19.534,1.48868,1.48903,1.60,2.40
2009.11.11 22:06:19.884,1.48865,1.489,2.10,2.40
2009.11.11 22:06:20.643,1.48865,1.489,1.90,2.20
2009.11.11 22:06:20.984,1.48867,1.48902,1.90,1.60
2009.11.11 22:06:22.263,1.48871,1.48906,3.50,3.80
2009.11.11 22:06:22.663,1.48872,1.48907,1.90,3.00
2009.11.11 22:06:23.233,1.48867,1.48902,1.90,1.60
2009.11.11 22:06:23.783,1.48857,1.48892,2.70,1.50
2009.11.11 22:06:24.073,1.48848,1.48888,2.80,1.00
2009.11.11 22:06:24.303,1.48851,1.48886,1.90,3.00
2009.11.11 22:06:24.602,1.48856,1.48891,1.90,2.40
2009.11.11 22:06:25.353,1.48862,1.48897,3.50,1.60
2009.11.11 22:06:25.522,1.48875,1.489,1.60,1.00
2009.11.11 22:06:28.262,1.48877,1.48912,1.90,2.00
2009.11.11 22:06:28.552,1.48885,1.4892,1.90,3.00
2009.11.11 22:06:28.842,1.48891,1.48921,1.90,1.60
2009.11.11 22:06:29.142,1.48892,1.48922,1.60,3.10
2009.11.11 22:06:30.222,1.48888,1.48923,3.50,1.60
2009.11.11 22:06:30.452,1.48884,1.48919,1.60,1.60
2009.11.11 22:06:30.901,1.48881,1.48916,3.50,1.60
2009.11.11 22:06:31.181,1.48879,1.48914,2.70,1.60
2009.11.11 22:06:35.630,1.4888,1.4891,1.90,1.60
2009.11.11 22:06:35.850,1.48879,1.48914,1.60,1.60
2009.11.11 22:06:36.890,1.48874,1.48909,1.60,1.60
2009.11.11 22:06:37.070,1.48867,1.48902,1.90,1.60
2009.11.11 22:06:37.190,1.4886,1.48896,1.00,1.40
2009.11.11 22:07:01.801,1.48925,1.48985,1.00,1.00
2009.11.11 22:07:13.399,1.4892,1.4899,1.00,1.00
2009.11.11 22:07:30.794,1.4892,1.4899,1.60,1.00
2009.11.11 22:07:33.294,1.4892,1.4898,1.70,1.00
2009.11.11 22:07:35.033,1.48925,1.48985,1.00,1.00
2009.11.11 22:08:05.736,1.48925,1.48985,1.00,1.00
2009.11.11 22:08:18.453,1.48935,1.48975,1.00,1.00
2009.11.11 22:08:20.352,1.48935,1.48975,1.00,1.00
2009.11.11 22:08:20.762,1.48935,1.48975,1.00,1.00
2009.11.11 22:08:38.908,1.4892,1.4896,1.70,1.00
2009.11.11 22:08:39.258,1.4892,1.48955,1.00,1.00
2009.11.11 22:08:41.767,1.4891,1.4895,1.00,1.00
2009.11.11 22:08:46.406,1.4891,1.4895,1.00,1.00
2009.11.11 22:08:47.406,1.4891,1.48945,1.00,1.00
2009.11.11 22:08:56.114,1.4891,1.4895,1.00,1.00
2009.11.11 22:09:02.892,1.4891,1.48945,1.00,1.00
2009.11.11 22:09:04.062,1.4891,1.4895,1.00,1.00
2009.11.11 22:09:10.560,1.48915,1.48955,1.00,1.40
2009.11.11 22:09:11.550,1.48915,1.4895,1.00,1.00
2009.11.11 22:09:16.529,1.48885,1.4895,1.70,1.00
2009.11.11 22:09:16.639,1.48925,1.4896,1.00,1.00
2009.11.11 22:09:17.289,1.48925,1.4896,1.00,1.00
2009.11.11 22:09:17.988,1.48925,1.48965,1.00,1.00
2009.11.11 22:09:19.568,1.48925,1.4896,1.00,1.00
2009.11.11 22:09:22.317,1.48925,1.4896,1.00,1.00
2009.11.11 22:09:22.597,1.48925,1.4896,1.00,1.00
2009.11.11 22:09:22.827,1.48925,1.4896,1.00,1.00
2009.11.11 22:09:23.407,1.48925,1.48955,1.00,1.00
2009.11.11 22:09:25.557,1.48925,1.4895,1.00,1.00
2009.11.11 22:09:27.427,1.48925,1.4895,1.00,1.00
2009.11.11 22:09:41.673,1.48925,1.48955,1.00,1.00
2009.11.11 22:09:45.432,1.48925,1.4895,1.00,1.00
2009.11.11 22:09:49.471,1.48925,1.48955,1.00,1.00
2009.11.11 22:10:05.557,1.48925,1.48945,1.00,1.00
2009.11.11 22:10:11.446,1.48935,1.4897,1.00,1.00
2009.11.11 22:10:11.556,1.48935,1.48975,1.00,1.00
2009.11.11 22:10:15.365,1.48935,1.48965,1.00,1.00
2009.11.11 22:10:26.982,1.48935,1.4896,1.00,1.00
2009.11.11 22:10:27.672,1.48935,1.48965,1.00,1.00
2009.11.11 22:10:28.192,1.48935,1.4896,1.00,1.00
2009.11.11 22:10:47.457,1.48935,1.4897,1.00,1.00
2009.11.11 22:10:55.325,1.48935,1.4897,1.00,1.00
2009.11.11 22:11:03.453,1.48935,1.4897,1.00,1.00
2009.11.11 22:11:04.433,1.48935,1.4896,1.00,1.00
2009.11.11 22:11:05.403,1.48935,1.4895,1.00,1.00
2009.11.11 22:11:14.360,1.48935,1.48945,1.00,1.00
2009.11.11 22:11:15.120,1.48935,1.4897,1.00,1.00
2009.11.11 22:11:15.580,1.48935,1.4897,1.00,1.00
2009.11.11 22:11:24.508,1.48935,1.48955,1.00,1.00
2009.11.11 22:11:52.501,1.48935,1.48965,1.00,1.00
2009.11.11 22:12:54.457,1.48935,1.48975,1.00,1.00
2009.11.11 22:13:19.410,1.489,1.4898,1.00,1.00
2009.11.11 22:13:57.411,1.4891,1.4897,1.00,1.00
2009.11.11 22:14:12.328,1.4891,1.48965,1.00,1.00
2009.11.11 22:14:15.427,1.4891,1.48965,1.00,1.00
2009.11.11 22:14:15.717,1.4891,1.48965,1.00,1.00
2009.11.11 22:14:17.806,1.4891,1.48965,1.00,1.00
2009.11.11 22:14:19.306,1.4891,1.4897,1.00,1.00
2009.11.11 22:14:33.342,1.4891,1.48965,1.00,1.00
2009.11.11 22:14:37.582,1.4891,1.48965,1.00,1.00
2009.11.11 22:14:39.361,1.4891,1.4897,1.00,1.00
2009.11.11 22:14:40.931,1.4891,1.48965,1.00,1.00
2009.11.11 22:15:01.326,1.4891,1.4897,1.00,1.00
2009.11.11 22:15:15.382,1.4891,1.48965,1.00,1.00
2009.11.11 22:15:20.992,1.4891,1.48965,1.00,1.00
2009.11.11 22:15:23.381,1.4891,1.4897,1.00,1.00
2009.11.11 22:15:37.567,1.4891,1.48965,1.00,1.00
2009.11.11 22:15:41.116,1.4891,1.48965,1.00,1.00
2009.11.11 22:15:45.585,1.4891,1.4897,1.00,1.00
2009.11.11 22:15:48.095,1.4893,1.4897,1.00,1.00
2009.11.11 22:16:13.518,1.48935,1.4897,1.00,1.00
2009.11.11 22:16:46.080,1.48935,1.48975,1.00,1.00
2009.11.11 22:16:55.358,1.48935,1.48975,1.00,1.00
2009.11.11 22:17:05.416,1.48945,1.4898,1.00,1.00
2009.11.11 22:17:06.986,1.48945,1.4898,1.00,1.00
2009.11.11 22:17:18.283,1.48945,1.48985,1.00,1.00
2009.11.11 22:17:25.391,1.48945,1.4898,1.00,1.00
2009.11.11 22:17:27.351,1.48945,1.48985,1.00,1.00
2009.11.11 22:17:30.760,1.48945,1.48985,1.00,1.00
2009.11.11 22:17:32.269,1.48955,1.48995,1.00,1.00
2009.11.11 22:17:32.439,1.48945,1.4898,1.00,1.00
2009.11.11 22:17:32.609,1.4894,1.4898,1.00,1.00
2009.11.11 22:17:32.779,1.48945,1.48985,1.00,1.00
2009.11.11 22:17:35.769,1.48955,1.48995,1.00,1.00
2009.11.11 22:17:36.069,1.4892,1.4897,1.00,1.00
2009.11.11 22:17:38.168,1.4892,1.4896,1.00,1.00
2009.11.11 22:17:53.154,1.4892,1.4896,2.50,1.00
2009.11.11 22:17:53.274,1.48935,1.48995,1.00,1.00
2009.11.11 22:18:20.828,1.4896,1.4901,1.00,1.00
2009.11.11 22:18:24.947,1.4898,1.4904,1.00,1.00
2009.11.11 22:18:25.127,1.48975,1.49035,1.00,1.00
2009.11.11 22:18:26.977,1.4898,1.4902,1.00,1.00
2009.11.11 22:18:27.336,1.48955,1.49005,1.00,1.00
2009.11.11 22:18:37.374,1.48945,1.48985,1.00,1.00
2009.11.11 22:18:45.502,1.48945,1.4898,1.00,1.00
2009.11.11 22:18:45.782,1.48935,1.48975,1.00,1.00
2009.11.11 22:18:46.292,1.48935,1.48975,1.00,1.00
2009.11.11 22:19:02.878,1.48935,1.4897,1.00,1.00
2009.11.11 22:19:03.837,1.4891,1.4895,3.20,1.00
2009.11.11 22:19:04.127,1.48905,1.4895,1.00,1.00
2009.11.11 22:19:10.756,1.48905,1.48945,1.00,1.00
2009.11.11 22:19:12.045,1.4891,1.4895,1.00,1.00
2009.11.11 22:19:15.005,1.48925,1.48965,1.00,1.00
2009.11.11 22:19:51.426,1.48925,1.48965,1.00,1.00
2009.11.11 22:19:59.124,1.48925,1.48965,1.00,1.00
2009.11.11 22:19:59.414,1.48925,1.48965,1.00,1.00
2009.11.11 22:20:00.504,1.48925,1.48965,1.00,1.00
2009.11.11 22:20:01.174,1.48925,1.48965,1.00,1.00
2009.11.11 22:20:01.683,1.48925,1.4896,1.00,1.00
2009.11.11 22:20:03.483,1.48925,1.48955,1.00,1.00
2009.11.11 22:20:04.353,1.48925,1.4896,1.00,1.00
2009.11.11 22:20:05.493,1.48925,1.48965,1.00,1.00
2009.11.11 22:20:06.692,1.48925,1.4896,1.00,1.00
2009.11.11 22:20:07.362,1.48925,1.4896,1.00,1.00
2009.11.11 22:20:12.301,1.48925,1.48965,1.00,1.60
2009.11.11 22:20:13.601,1.48925,1.4896,1.00,1.00
2009.11.11 22:20:14.420,1.48925,1.48955,1.00,1.00
2009.11.11 22:20:17.190,1.48905,1.48955,2.50,1.00
2009.11.11 22:20:22.768,1.4893,1.48965,1.00,1.00
2009.11.11 22:20:46.933,1.4893,1.4897,1.00,1.00
2009.11.11 22:20:50.672,1.48905,1.48955,1.60,1.00
2009.11.11 22:20:50.892,1.48905,1.48955,1.00,1.00
2009.11.11 22:20:56.270,1.48925,1.4896,1.00,1.00
2009.11.11 22:21:23.554,1.4892,1.4896,1.00,1.00
2009.11.11 22:21:43.459,1.4892,1.4896,1.00,1.00
2009.11.11 22:22:23.650,1.48895,1.4896,1.00,1.00
2009.11.11 22:22:25.159,1.4893,1.4896,1.00,1.00
2009.11.11 22:22:25.269,1.48885,1.4896,1.00,1.00
2009.11.11 22:22:25.799,1.4888,1.4896,1.00,1.00
2009.11.11 22:22:27.708,1.489,1.48955,1.00,1.00
2009.11.11 22:22:54.702,1.48895,1.4895,1.00,1.00
2009.11.11 22:22:56.391,1.48895,1.48945,1.00,1.00
2009.11.11 22:22:57.451,1.48895,1.4895,1.00,1.00
2009.11.11 22:23:12.547,1.48895,1.4896,1.00,1.00
2009.11.11 22:23:12.717,1.48895,1.48965,1.70,1.00
2009.11.11 22:23:13.017,1.48895,1.48975,1.70,1.00
2009.11.11 22:23:13.867,1.489,1.48975,1.00,1.00
2009.11.11 22:23:14.377,1.48905,1.4898,1.00,1.70
2009.11.11 22:23:16.567,1.489,1.48975,1.00,1.00
2009.11.11 22:23:16.796,1.489,1.48975,1.00,1.00
2009.11.11 22:23:18.346,1.489,1.48965,1.00,1.00
2009.11.11 22:24:00.596,1.48915,1.4896,1.00,1.00
2009.11.11 22:24:05.855,1.48895,1.48965,1.10,1.00
2009.11.11 22:24:07.615,1.4894,1.48975,1.00,1.00
2009.11.11 22:24:23.631,1.48925,1.48965,1.00,1.00
2009.11.11 22:25:37.073,1.4893,1.4897,1.00,1.00
2009.11.11 22:25:58.718,1.48925,1.48965,1.00,1.00
2009.11.11 22:26:32.860,1.48915,1.48955,1.00,1.00
2009.11.11 22:26:41.638,1.489,1.4894,1.00,1.00
2009.11.11 22:26:42.617,1.489,1.4894,1.00,1.00
2009.11.11 22:27:01.953,1.48885,1.48925,1.00,1.00
2009.11.11 22:27:05.112,1.4888,1.4892,1.00,1.00
2009.11.11 22:27:22.298,1.48875,1.48915,1.00,1.00
2009.11.11 22:27:46.382,1.4888,1.4892,1.00,1.00
2009.11.11 22:27:47.712,1.48895,1.48945,1.00,1.20
2009.11.11 22:27:48.002,1.48895,1.48945,1.00,1.00
2009.11.11 22:28:01.098,1.4891,1.48945,1.00,1.00
2009.11.11 22:28:26.333,1.4891,1.48945,1.00,1.40
2009.11.11 22:28:26.692,1.4891,1.48945,1.00,1.00
2009.11.11 22:29:26.618,1.48885,1.4896,1.00,1.00
2009.11.11 22:29:30.407,1.4889,1.4896,1.00,1.00
2009.11.11 22:29:40.934,1.4889,1.4896,1.00,1.00
2009.11.11 22:29:52.382,1.4889,1.4896,1.00,1.00
2009.11.11 22:29:57.010,1.4889,1.4896,1.00,1.00
2009.11.11 22:30:00.490,1.48905,1.48945,1.00,1.00
2009.11.11 22:30:00.839,1.48885,1.48945,1.20,1.00
2009.11.11 22:30:01.769,1.48895,1.48945,1.00,1.00
2009.11.11 22:30:02.849,1.48895,1.48945,1.60,1.00
2009.11.11 22:30:32.322,1.48895,1.48955,1.00,1.00
2009.11.11 22:30:33.442,1.48895,1.48955,1.00,1.00
2009.11.11 22:30:34.891,1.48895,1.48955,1.70,1.00
2009.11.11 22:30:44.979,1.48895,1.48955,1.60,1.00
2009.11.11 22:30:47.368,1.48895,1.48955,1.70,1.00
2009.11.11 22:31:05.004,1.48895,1.48955,1.60,1.00
2009.11.11 22:31:09.423,1.48895,1.48955,1.70,1.00
2009.11.11 22:31:16.932,1.48895,1.4895,1.00,1.00
2009.11.11 22:31:17.741,1.4889,1.4895,1.00,1.00
2009.11.11 22:31:44.475,1.48895,1.4895,1.00,1.00
2009.11.11 22:31:44.595,1.48895,1.4896,1.70,1.00
2009.11.11 22:32:04.440,1.48895,1.4896,1.60,1.00
2009.11.11 22:32:05.340,1.48895,1.4896,1.70,1.00
2009.11.11 22:32:18.996,1.48895,1.4896,1.60,1.00
2009.11.11 22:32:27.374,1.48895,1.4896,1.70,1.00
2009.11.11 22:32:33.343,1.48895,1.4896,2.50,1.00
2009.11.11 22:32:38.982,1.48895,1.4896,2.40,1.00
2009.11.11 22:32:44.860,1.48895,1.48975,1.60,6.30
2009.11.11 22:32:49.319,1.48895,1.48975,1.70,6.30
2009.11.11 22:32:58.977,1.48895,1.48975,1.60,6.30
2009.11.11 22:33:07.435,1.48905,1.48975,1.00,6.30
2009.11.11 22:33:08.065,1.48895,1.48975,1.60,6.30
2009.11.11 22:33:10.024,1.48905,1.48975,1.00,6.30
2009.11.11 22:33:11.734,1.48895,1.48975,1.70,6.30
2009.11.11 22:33:15.862,1.48895,1.48975,1.30,6.30
2009.11.11 22:33:18.912,1.48895,1.48975,1.20,6.30
2009.11.11 22:33:32.858,1.48895,1.48975,1.60,6.30
2009.11.11 22:33:33.268,1.48895,1.48975,1.70,6.30
2009.11.11 22:33:47.765,1.48895,1.48965,1.00,1.00
2009.11.11 22:33:48.925,1.48895,1.4897,1.60,1.00
2009.11.11 22:33:50.774,1.48895,1.48975,1.60,4.90
2009.11.11 22:33:55.443,1.48895,1.48975,1.70,4.90
2009.11.11 22:33:58.932,1.48895,1.48975,1.60,4.90
2009.11.11 22:34:08.730,1.48895,1.4896,1.00,1.00
2009.11.11 22:34:09.010,1.48895,1.4896,1.00,1.00
2009.11.11 22:34:09.300,1.48895,1.4897,2.50,1.00
2009.11.11 22:34:10.569,1.48895,1.48965,2.50,1.00
2009.11.11 22:34:59.668,1.4891,1.48955,1.00,1.00
2009.11.11 22:35:59.783,1.48895,1.4898,1.00,1.60
2009.11.11 22:36:22.048,1.48895,1.48975,1.00,1.00
2009.11.11 22:36:22.278,1.48895,1.48975,1.00,1.60
2009.11.11 22:36:37.844,1.4889,1.4897,1.00,1.00
2009.11.11 22:36:38.814,1.48895,1.48965,1.00,1.00
2009.11.11 22:37:01.178,1.4889,1.48965,1.00,1.00
2009.11.11 22:37:01.508,1.4889,1.48945,1.00,1.00
2009.11.11 22:38:00.544,1.4889,1.48935,1.00,1.00
2009.11.11 22:38:48.163,1.48915,1.49005,1.00,1.00
2009.11.11 22:38:48.502,1.48915,1.49005,1.20,1.00
2009.11.11 22:38:49.252,1.4895,1.4899,1.00,1.00
2009.11.11 22:38:49.422,1.4895,1.48985,1.00,1.00
2009.11.11 22:38:50.422,1.48945,1.4899,1.50,1.00
2009.11.11 22:38:57.071,1.4895,1.48985,1.00,1.00
2009.11.11 22:39:00.420,1.48935,1.48985,1.00,1.00
2009.11.11 22:39:00.769,1.4895,1.48985,1.00,1.00
2009.11.11 22:39:14.726,1.48945,1.4899,1.00,1.00
2009.11.11 22:39:15.326,1.48945,1.4899,1.00,2.40
2009.11.11 22:39:15.666,1.4892,1.4896,1.00,1.00
2009.11.11 22:39:15.726,1.489,1.4896,1.00,1.00
2009.11.11 22:39:19.295,1.4892,1.48985,1.00,1.00
2009.11.11 22:39:19.715,1.4892,1.4898,1.00,1.60
2009.11.11 22:39:20.637,1.4892,1.4897,1.00,2.40
2009.11.11 22:39:21.145,1.4892,1.4897,1.00,1.60
2009.11.11 22:39:22.054,1.4892,1.4897,1.00,2.40
2009.11.11 22:39:23.944,1.4892,1.48965,1.00,1.00
2009.11.11 22:39:24.124,1.48915,1.4896,1.00,2.20
2009.11.11 22:39:25.034,1.4888,1.48945,1.20,2.20
2009.11.11 22:39:25.383,1.4888,1.4893,1.00,1.00
2009.11.11 22:39:25.444,1.48885,1.48945,1.60,1.00
2009.11.11 22:39:25.554,1.4888,1.48945,2.90,1.00
2009.11.11 22:39:25.664,1.48885,1.48945,1.60,1.00
2009.11.11 22:39:25.774,1.4889,1.48955,1.00,1.40
2009.11.11 22:39:25.884,1.4889,1.48955,1.00,1.00
2009.11.11 22:39:29.832,1.48915,1.4895,1.00,1.60
2009.11.11 22:39:30.292,1.48915,1.48965,1.00,1.00
2009.11.11 22:39:32.362,1.4893,1.48965,1.00,1.00
2009.11.11 22:39:41.200,1.4892,1.48965,1.00,1.00
2009.11.11 22:39:43.339,1.48895,1.48945,1.00,1.00
2009.11.11 22:39:43.459,1.4889,1.48945,1.60,1.00
2009.11.11 22:39:43.620,1.48895,1.4895,1.00,1.00
2009.11.11 22:39:44.739,1.489,1.48945,1.00,1.00
2009.11.11 22:39:44.969,1.48895,1.48945,1.00,2.20
2009.11.11 22:39:45.209,1.4885,1.4891,1.00,1.00
2009.11.11 22:39:45.439,1.4888,1.48945,1.00,1.00
2009.11.11 22:39:45.909,1.48855,1.48915,1.00,1.00
2009.11.11 22:39:46.148,1.4885,1.48915,1.50,1.00
2009.11.11 22:39:47.358,1.48875,1.4894,2.30,1.00
2009.11.11 22:39:53.517,1.4888,1.4893,2.50,1.00
2009.11.11 22:40:04.085,1.48875,1.4892,1.00,1.00
2009.11.11 22:40:10.023,1.48875,1.4892,1.00,1.00
2009.11.11 22:40:15.611,1.4888,1.4892,1.00,1.00
2009.11.11 22:40:24.319,1.48885,1.4892,1.00,1.00
2009.11.11 22:40:24.659,1.48885,1.4892,2.40,1.00
2009.11.11 22:40:24.839,1.48895,1.48935,2.40,1.00
2009.11.11 22:40:25.009,1.48905,1.4895,1.00,1.00
2009.11.11 22:40:25.179,1.48905,1.48955,1.00,1.00
2009.11.11 22:40:26.329,1.48905,1.48955,1.60,1.00
2009.11.11 22:40:29.438,1.48905,1.48955,1.00,1.00
2009.11.11 22:40:30.658,1.48905,1.48955,1.60,1.00
2009.11.11 22:40:30.988,1.4891,1.48955,1.00,1.00
2009.11.11 22:40:39.156,1.48915,1.4896,1.50,1.00
2009.11.11 22:40:40.915,1.4892,1.4896,1.00,1.00
2009.11.11 22:40:56.529,1.4892,1.4896,1.00,1.00
2009.11.11 22:41:00.054,1.48872,1.48906,2.40,1.60
2009.11.11 22:41:00.234,1.48871,1.48906,2.40,1.60
2009.11.11 22:41:08.418,1.48871,1.48906,1.60,3.20
2009.11.11 22:41:13.131,1.48875,1.4891,2.40,1.60
2009.11.11 22:41:13.311,1.48883,1.48918,1.60,1.60
2009.11.11 22:41:13.710,1.48894,1.48929,1.60,2.40
2009.11.11 22:41:13.871,1.48901,1.48935,1.60,1.60
2009.11.11 22:41:14.041,1.48899,1.48934,1.60,1.60
2009.11.11 22:41:14.630,1.48898,1.48933,2.40,1.60
2009.11.11 22:41:14.960,1.48892,1.48927,1.60,1.60
2009.11.11 22:41:29.241,1.48885,1.4892,1.60,1.60
2009.11.11 22:41:32.036,1.48876,1.48911,1.60,2.40
2009.11.11 22:41:32.336,1.48874,1.48908,1.60,1.60
2009.11.11 22:41:35.346,1.48881,1.48916,1.60,1.60
2009.11.11 22:41:36.132,1.48887,1.48922,2.40,1.60
2009.11.11 22:41:37.145,1.48889,1.48924,3.20,1.60
2009.11.11 22:41:50.312,1.4889,1.4892,2.40,1.60
2009.11.11 22:41:51.851,1.48889,1.48924,1.60,2.40
2009.11.11 22:41:52.081,1.48897,1.48927,2.40,1.60
2009.11.11 22:41:52.958,1.48897,1.48933,2.40,1.60
2009.11.11 22:42:00.753,1.4892,1.48965,1.00,1.00
2009.11.11 22:42:00.923,1.4892,1.4896,1.00,1.00
2009.11.11 22:42:58.099,1.48905,1.48965,1.70,1.00
2009.11.11 22:43:58.405,1.48925,1.48965,1.60,1.00
2009.11.11 22:44:00.595,1.48893,1.48929,1.70,2.40
2009.11.11 22:44:00.885,1.48895,1.4893,1.60,1.60
2009.11.11 22:44:01.224,1.48896,1.48931,1.00,2.40
2009.11.11 22:44:01.574,1.48895,1.4893,1.00,1.60
2009.11.11 22:44:01.924,1.489,1.4892,1.00,1.60
2009.11.11 22:44:02.154,1.48897,1.48922,1.00,1.60
2009.11.11 22:44:02.374,1.48901,1.48916,1.00,1.60
2009.11.11 22:44:02.554,1.48905,1.48915,1.60,2.40
2009.11.11 22:44:02.944,1.48902,1.48922,1.00,4.00
2009.11.11 22:44:03.874,1.48902,1.48927,4.00,1.60
2009.11.11 22:44:04.114,1.48904,1.48929,1.60,1.60
2009.11.11 22:44:04.914,1.48904,1.48929,1.00,1.60
2009.11.11 22:44:05.154,1.48907,1.48927,1.00,1.60
2009.11.11 22:44:10.582,1.48902,1.48927,1.00,1.60
2009.11.11 22:44:10.802,1.48903,1.48918,1.00,1.60
2009.11.11 22:44:11.152,1.48894,1.48919,2.40,1.60
2009.11.11 22:44:12.702,1.48891,1.48921,2.40,1.60
2009.11.11 22:44:12.932,1.48887,1.48922,1.00,1.60
2009.11.11 22:44:13.262,1.48891,1.48921,1.00,1.60
2009.11.11 22:44:13.432,1.48892,1.48922,1.00,1.60
2009.11.11 22:44:13.612,1.48891,1.48921,1.00,1.60
2009.11.11 22:44:15.561,1.4889,1.4892,1.60,1.60
2009.11.11 22:44:15.841,1.4889,1.4892,1.00,2.40
2009.11.11 22:44:16.071,1.48885,1.48915,1.00,1.60
2009.11.11 22:44:16.361,1.48879,1.48909,1.00,2.40
2009.11.11 22:44:16.701,1.48873,1.48903,2.40,1.60
2009.11.11 22:44:17.041,1.48875,1.48905,1.00,1.60
2009.11.11 22:44:17.790,1.48878,1.48903,2.40,1.60
2009.11.11 22:44:17.970,1.48878,1.48903,1.00,1.60
2009.11.11 22:44:18.210,1.48875,1.48905,1.00,1.60
2009.11.11 22:44:18.270,1.4888,1.48905,1.00,1.60
2009.11.11 22:44:18.390,1.48886,1.48911,1.00,5.60
2009.11.11 22:44:19.480,1.48898,1.48918,1.00,1.60
2009.11.11 22:44:19.760,1.48909,1.48924,2.40,1.00
2009.11.11 22:44:20.040,1.48913,1.48928,1.00,2.40
2009.11.11 22:44:20.400,1.48905,1.48935,1.00,1.60
2009.11.11 22:44:20.680,1.48904,1.48934,1.60,2.40
2009.11.11 22:44:21.769,1.48903,1.48928,1.60,1.60
2009.11.11 22:44:22.749,1.489,1.48935,4.00,1.60
2009.11.11 22:44:22.979,1.4891,1.4894,1.60,1.60
2009.11.11 22:44:31.707,1.48919,1.48943,1.00,1.60
2009.11.11 22:44:32.287,1.48912,1.48947,1.00,1.60
2009.11.11 22:44:34.786,1.48916,1.48941,1.00,1.60
2009.11.11 22:44:35.916,1.48911,1.48941,1.00,2.40
2009.11.11 22:44:36.146,1.48906,1.48941,2.40,1.60
2009.11.11 22:44:43.474,1.48902,1.48937,1.00,5.60
2009.11.11 22:44:43.644,1.48901,1.48931,1.00,1.60
2009.11.11 22:44:44.414,1.48898,1.48928,1.00,1.60
2009.11.11 22:44:44.804,1.48895,1.48925,1.00,1.60
2009.11.11 22:44:46.424,1.48892,1.48922,1.00,1.60
2009.11.11 22:44:46.824,1.48888,1.48923,1.00,1.60
2009.11.11 22:44:47.164,1.48887,1.48922,2.40,1.00
2009.11.11 22:44:47.633,1.48887,1.48922,1.00,2.40
2009.11.11 22:44:47.923,1.4889,1.4892,1.00,1.60
2009.11.11 22:44:48.623,1.48892,1.48922,1.00,1.60
2009.11.11 22:44:49.262,1.48896,1.48926,2.70,1.60
2009.11.11 22:44:49.623,1.48902,1.48927,2.40,1.60
2009.11.11 22:44:49.743,1.48902,1.48927,1.00,2.40
2009.11.11 22:44:51.113,1.489,1.48925,1.00,1.60
2009.11.11 22:44:52.262,1.489,1.4892,2.40,1.00
2009.11.11 22:44:53.892,1.48895,1.4892,1.00,1.60
2009.11.11 22:44:54.122,1.48899,1.48914,1.00,1.60
2009.11.11 22:44:54.991,1.48895,1.48915,1.00,4.80
2009.11.11 22:44:56.821,1.48897,1.48917,1.00,1.60
2009.11.11 22:44:57.811,1.48891,1.48926,1.00,1.60
2009.11.11 22:44:58.091,1.48893,1.48923,1.60,2.40
2009.11.11 22:44:59.300,1.48888,1.48923,1.00,1.60
2009.11.11 22:44:59.650,1.48882,1.48917,1.70,1.60
2009.11.11 22:44:59.774,1.48877,1.48912,4.80,1.60
2009.11.11 22:45:28.953,1.4892,1.48965,2.50,1.00
2009.11.11 22:45:43.520,1.4892,1.48965,1.60,1.00
2009.11.11 22:45:56.406,1.4892,1.48965,2.40,1.00
2009.11.11 22:46:04.715,1.4892,1.48965,2.50,1.00
2009.11.11 22:46:05.744,1.4892,1.48965,2.40,1.00
2009.11.11 22:46:05.924,1.4892,1.48965,1.60,1.00
2009.11.11 22:46:09.503,1.48935,1.48965,1.00,1.00
2009.11.11 22:46:09.663,1.48935,1.48965,1.00,1.60
2009.11.11 22:46:10.263,1.48935,1.48965,1.00,1.00
2009.11.11 22:46:11.972,1.48935,1.48965,1.00,1.00
2009.11.11 22:46:12.082,1.48935,1.48965,1.00,1.00
2009.11.11 22:46:30.308,1.4894,1.48965,2.60,1.00
2009.11.11 22:46:30.488,1.4895,1.48965,2.30,1.00
2009.11.11 22:46:34.137,1.48965,1.4901,1.00,1.00
2009.11.11 22:46:34.487,1.4896,1.48975,1.00,1.00
2009.11.11 22:46:38.586,1.4896,1.48965,1.00,1.00
2009.11.11 22:46:39.856,1.48945,1.48965,1.00,1.00
2009.11.11 22:46:40.386,1.4894,1.48965,1.00,1.00
2009.11.11 22:47:00.261,1.4892,1.48965,3.20,1.00
2009.11.11 22:47:00.381,1.4892,1.48965,3.10,1.00
2009.11.11 22:47:11.958,1.4892,1.48965,4.90,1.00
2009.11.11 22:47:27.574,1.4893,1.48965,1.60,1.00
2009.11.11 22:48:00.396,1.4893,1.48965,1.00,1.00
2009.11.11 22:48:00.506,1.4893,1.48965,1.50,1.00
2009.11.11 22:48:37.778,1.48935,1.48965,1.50,1.00
2009.11.11 22:48:39.277,1.4894,1.48965,1.00,1.00
2009.11.11 22:48:39.637,1.4894,1.48965,1.50,1.00
2009.11.11 22:48:42.846,1.4895,1.48965,1.00,1.00
2009.11.11 22:49:03.491,1.4895,1.48965,1.00,1.00
2009.11.11 22:49:24.376,1.48975,1.4898,1.00,1.60
2009.11.11 22:49:24.606,1.48965,1.49045,1.00,4.00
2009.11.11 22:49:25.306,1.49,1.49045,1.00,2.40
2009.11.11 22:49:25.416,1.48985,1.49045,1.00,1.00
2009.11.11 22:49:26.106,1.48975,1.49045,2.80,1.60
2009.11.11 22:49:26.206,1.48975,1.49025,1.00,1.60
2009.11.11 22:49:26.266,1.48965,1.4898,1.00,1.00
2009.11.11 22:49:28.265,1.48945,1.48965,2.50,1.00
2009.11.11 22:49:32.164,1.4894,1.48965,3.40,1.00
2009.11.11 22:49:34.444,1.4894,1.48965,3.10,1.00
2009.11.11 22:49:36.903,1.4896,1.48965,1.00,1.00
2009.11.11 22:49:37.073,1.48955,1.48965,1.00,1.00
2009.11.11 22:50:03.967,1.4893,1.48965,2.20,1.00
2009.11.11 22:50:04.297,1.48995,1.49005,2.20,2.40
2009.11.11 22:50:04.647,1.49,1.4907,1.00,1.00
2009.11.11 22:50:04.876,1.49,1.49075,1.00,1.00
2009.11.11 22:50:05.107,1.4901,1.49075,1.00,1.70
2009.11.11 22:50:05.336,1.49,1.49035,1.00,1.00
2009.11.11 22:50:05.566,1.4894,1.48995,2.20,1.00
2009.11.11 22:50:06.646,1.48965,1.49025,1.00,2.30
2009.11.11 22:50:08.076,1.4896,1.48975,1.00,1.00
2009.11.11 22:50:08.405,1.4896,1.48985,2.20,1.00
2009.11.11 22:50:08.756,1.48955,1.4897,1.00,1.00
2009.11.11 22:50:09.086,1.48955,1.48975,1.00,1.00
2009.11.11 22:50:12.675,1.48955,1.4896,1.00,1.00
2009.11.11 22:50:13.714,1.4894,1.4895,1.00,1.00
2009.11.11 22:50:16.254,1.4894,1.4895,1.00,1.00
2009.11.11 22:50:16.953,1.4894,1.49005,1.00,4.40
2009.11.11 22:50:17.004,1.4894,1.4899,1.00,1.20
2009.11.11 22:50:17.114,1.48935,1.48945,1.60,1.00
2009.11.11 22:50:18.093,1.4893,1.48945,1.00,1.00
2009.11.11 22:50:18.613,1.48925,1.48945,1.00,1.00
2009.11.11 22:50:20.993,1.4893,1.4895,1.00,1.00
2009.11.11 22:50:21.982,1.4893,1.48965,1.50,1.00
2009.11.11 22:50:22.262,1.48945,1.48975,1.00,1.50
2009.11.11 22:50:22.492,1.48985,1.4899,1.00,1.00
2009.11.11 22:50:22.772,1.48975,1.49025,1.60,1.00
2009.11.11 22:50:23.102,1.4898,1.49025,1.00,1.00
2009.11.11 22:50:23.452,1.4897,1.4901,1.00,1.00
2009.11.11 22:50:24.522,1.4898,1.48995,1.00,1.00
2009.11.11 22:50:25.052,1.4898,1.49,1.00,1.00
2009.11.11 22:50:25.851,1.4898,1.48995,1.00,1.00
2009.11.11 22:50:26.971,1.4898,1.49,1.00,1.00
2009.11.11 22:50:29.451,1.4897,1.49005,1.00,3.10
2009.11.11 22:50:29.740,1.4898,1.48995,1.00,1.00
2009.11.11 22:50:37.239,1.4897,1.49015,1.00,1.60
2009.11.11 22:50:37.758,1.4897,1.48975,1.00,1.00
2009.11.11 22:50:37.929,1.48965,1.48985,1.00,1.00
2009.11.11 22:50:38.109,1.48955,1.49,1.40,1.60
2009.11.11 22:50:38.498,1.48955,1.4897,1.00,1.00
2009.11.11 22:50:38.838,1.4896,1.49015,1.00,1.00
2009.11.11 22:50:39.188,1.48945,1.49015,1.00,1.00
2009.11.11 22:50:42.958,1.4895,1.4896,1.00,1.00
2009.11.11 22:50:43.657,1.4895,1.4897,1.00,1.00
2009.11.11 22:50:44.567,1.48955,1.4897,1.00,1.00
2009.11.11 22:50:50.435,1.48945,1.4897,1.00,1.00
2009.11.11 22:50:51.595,1.48955,1.4897,1.00,1.00
2009.11.11 22:50:53.315,1.4895,1.4897,1.00,1.00
2009.11.11 22:50:54.005,1.4895,1.4897,1.00,1.00
2009.11.11 22:51:01.043,1.48945,1.4897,1.00,1.00
2009.11.11 22:51:26.287,1.48935,1.4896,1.00,1.00
2009.11.11 22:51:29.866,1.48935,1.48965,1.00,1.00
2009.11.11 22:51:29.986,1.48935,1.48965,1.40,1.00
2009.11.11 22:51:31.455,1.48945,1.48965,1.00,1.00
2009.11.11 22:51:33.585,1.48935,1.48965,1.40,1.00
2009.11.11 22:51:38.544,1.48945,1.48965,1.00,1.00
2009.11.11 22:51:40.504,1.48935,1.48965,1.40,1.00
2009.11.11 22:51:57.719,1.48945,1.4897,1.00,1.00
2009.11.11 22:52:11.136,1.48945,1.48975,1.00,1.00
2009.11.11 22:52:17.195,1.48955,1.48975,1.00,1.00
2009.11.11 22:52:18.534,1.48955,1.48975,1.00,1.00
2009.11.11 22:52:18.874,1.48955,1.48985,1.00,1.00
2009.11.11 22:52:19.214,1.48955,1.48985,1.40,1.00
2009.11.11 22:52:30.371,1.48955,1.48985,1.60,1.00
2009.11.11 22:52:30.601,1.48955,1.48985,1.40,1.00
2009.11.11 22:52:31.991,1.48955,1.48985,1.00,1.00
2009.11.11 22:52:38.459,1.48955,1.48985,1.00,1.00
2009.11.11 22:52:39.339,1.48945,1.48985,1.40,1.00
2009.11.11 22:52:40.189,1.48945,1.48985,1.00,1.00
2009.11.11 22:52:44.418,1.48945,1.4899,2.80,1.00
2009.11.11 22:52:48.237,1.48945,1.4899,1.00,1.00
2009.11.11 22:52:49.177,1.48945,1.4898,1.00,1.00
2009.11.11 22:52:49.477,1.48945,1.4898,1.00,1.00
2009.11.11 22:52:52.556,1.4895,1.4899,1.00,1.00
2009.11.11 22:52:52.906,1.4895,1.4899,1.00,1.00
2009.11.11 22:52:57.245,1.4895,1.48985,1.00,1.00
2009.11.11 22:53:07.422,1.48945,1.48985,1.00,1.00
2009.11.11 22:53:07.543,1.48945,1.48975,1.00,1.00
2009.11.11 22:53:09.732,1.48945,1.48985,1.00,1.00
2009.11.11 22:53:10.542,1.48945,1.48985,1.00,1.00
2009.11.11 22:53:13.971,1.48945,1.48985,1.00,1.00
2009.11.11 22:53:18.540,1.4895,1.48985,1.00,1.00
2009.11.11 22:53:30.857,1.48945,1.48985,1.00,1.00
2009.11.11 22:53:35.426,1.48945,1.48985,1.00,1.00
2009.11.11 22:53:40.534,1.4895,1.48985,1.00,1.00
2009.11.11 22:53:42.724,1.48945,1.48985,1.00,1.00
2009.11.11 22:53:49.732,1.4895,1.4899,1.00,1.00
2009.11.11 22:53:53.941,1.4895,1.49005,1.00,4.00
2009.11.11 22:53:54.281,1.48945,1.49,1.00,1.60
2009.11.11 22:53:55.371,1.48945,1.4899,2.80,1.00
2009.11.11 22:53:56.001,1.4895,1.4899,1.00,1.00
2009.11.11 22:53:56.171,1.4895,1.48995,1.00,1.00
2009.11.11 22:53:56.521,1.4895,1.48995,1.00,1.00
2009.11.11 22:53:56.751,1.4896,1.49005,1.00,1.00
2009.11.11 22:53:58.250,1.48955,1.49,1.00,1.00
2009.11.11 22:53:59.000,1.4896,1.49,1.00,1.00
2009.11.11 22:54:20.085,1.48975,1.49005,1.00,1.00
2009.11.11 22:54:20.545,1.48975,1.4901,1.00,1.60
2009.11.11 22:54:21.305,1.4898,1.4901,1.00,1.00
2009.11.11 22:54:49.928,1.48965,1.49015,1.00,1.60
2009.11.11 22:54:50.198,1.4897,1.48995,1.00,1.00
2009.11.11 22:54:51.128,1.4897,1.48995,1.00,1.00
2009.11.11 22:55:01.065,1.48965,1.48995,1.00,1.00
2009.11.11 22:55:02.955,1.4896,1.48995,1.00,1.00
2009.11.11 22:55:03.064,1.4897,1.4902,1.00,1.00
2009.11.11 22:55:17.251,1.4897,1.49015,1.00,1.00
2009.11.11 22:55:25.799,1.4895,1.48995,1.30,1.00
2009.11.11 22:55:26.139,1.48955,1.48995,1.00,1.00
2009.11.11 22:55:26.369,1.48955,1.48995,1.00,1.00
2009.11.11 22:55:26.599,1.48995,1.49005,1.00,1.00
2009.11.11 22:55:26.889,1.4897,1.49005,1.60,1.00
2009.11.11 22:55:27.009,1.4897,1.4903,1.60,1.30
2009.11.11 22:55:27.129,1.4896,1.48995,1.00,1.00
2009.11.11 22:55:27.419,1.48955,1.48995,1.00,1.00
2009.11.11 22:55:27.539,1.48955,1.4899,1.00,1.00
2009.11.11 22:55:27.719,1.48965,1.4899,1.40,1.00
2009.11.11 22:55:27.839,1.48965,1.4899,1.00,1.00
2009.11.11 22:55:28.009,1.48965,1.4899,1.00,1.00
2009.11.11 22:55:28.359,1.48965,1.48995,1.00,1.00
2009.11.11 22:55:28.709,1.4896,1.48995,1.00,1.00
2009.11.11 22:55:29.818,1.4896,1.49,1.00,1.00
2009.11.11 22:55:30.418,1.48965,1.49,1.00,1.00
2009.11.11 22:55:31.938,1.48965,1.4901,1.00,1.00
2009.11.11 22:55:34.327,1.48975,1.49,1.00,1.00
2009.11.11 22:55:34.987,1.48975,1.4901,1.00,1.00
2009.11.11 22:55:35.267,1.4898,1.49015,1.00,1.60
2009.11.11 22:55:35.497,1.4898,1.49015,1.00,1.00
2009.11.11 22:55:35.797,1.4898,1.49025,1.00,1.50
2009.11.11 22:55:37.207,1.48985,1.49025,1.00,1.50
2009.11.11 22:55:37.267,1.48985,1.49025,1.00,1.00
2009.11.11 22:55:37.386,1.48985,1.4903,1.00,1.50
2009.11.11 22:55:37.446,1.48985,1.4903,1.00,1.00
2009.11.11 22:55:38.767,1.48985,1.4903,1.00,1.00
2009.11.11 22:55:40.416,1.48995,1.4904,1.00,1.00
2009.11.11 22:55:41.166,1.49005,1.49045,1.00,1.00
2009.11.11 22:55:41.336,1.49005,1.4905,1.00,1.00
2009.11.11 22:55:43.885,1.49005,1.49045,1.00,1.00
2009.11.11 22:55:45.454,1.49005,1.4905,1.00,1.00
2009.11.11 22:55:56.032,1.4902,1.49055,1.00,1.60
2009.11.11 22:56:00.371,1.49,1.4906,1.00,1.60
2009.11.11 22:56:00.721,1.49005,1.4905,1.00,1.00
2009.11.11 22:56:22.295,1.49005,1.4905,1.00,1.00
2009.11.11 22:56:32.464,1.4901,1.4905,1.00,1.00
2009.11.11 22:56:35.982,1.49005,1.4905,1.00,1.00
2009.11.11 22:56:42.061,1.49,1.4904,1.40,1.00
2009.11.11 22:56:42.181,1.49,1.4903,1.50,1.00
2009.11.11 22:56:43.870,1.49,1.49025,1.00,1.00
2009.11.11 22:56:50.619,1.48985,1.49015,1.40,1.00
2009.11.11 22:56:50.839,1.48985,1.49015,1.00,1.00
2009.11.11 22:56:51.179,1.48985,1.49015,1.00,1.00
2009.11.11 22:56:56.287,1.48985,1.49025,1.50,1.00
2009.11.11 22:56:56.627,1.48995,1.49055,1.00,1.40
2009.11.11 22:56:59.197,1.49005,1.4902,1.00,1.00
2009.11.11 22:57:07.935,1.48995,1.4902,1.30,1.00
2009.11.11 22:57:09.014,1.49,1.4903,1.00,1.00
2009.11.11 22:57:14.933,1.49,1.4903,1.00,1.00
2009.11.11 22:57:16.882,1.49,1.49055,1.00,2.30
2009.11.11 22:57:16.932,1.48995,1.4902,1.30,1.00
2009.11.11 22:57:18.202,1.49,1.4903,1.00,1.00
2009.11.11 22:57:22.511,1.49,1.4903,1.00,1.00
2009.11.11 22:57:22.901,1.49,1.4903,1.00,1.00
2009.11.11 22:57:23.831,1.49,1.4902,1.00,1.00
2009.11.11 22:57:24.061,1.48995,1.4902,1.30,1.00
2009.11.11 22:57:25.040,1.49,1.4902,1.00,1.00
2009.11.11 22:57:25.380,1.49,1.4903,1.00,1.00
2009.11.11 22:57:34.008,1.49015,1.49045,1.00,1.00
2009.11.11 22:57:47.815,1.49015,1.49035,1.00,1.00
2009.11.11 22:57:52.515,1.4901,1.4903,1.00,1.00
2009.11.11 22:57:52.625,1.49015,1.4907,1.00,1.00
2009.11.11 22:58:10.361,1.4902,1.4906,1.00,1.00
2009.11.11 22:58:10.811,1.4902,1.49065,1.00,1.50
2009.11.11 22:58:15.110,1.4902,1.49065,1.00,1.00
2009.11.11 22:58:16.880,1.4902,1.49065,1.00,1.60
2009.11.11 22:58:29.077,1.4903,1.49065,1.00,1.00
2009.11.11 22:58:29.427,1.4902,1.49065,1.00,1.60
2009.11.11 22:58:31.197,1.49015,1.4906,1.00,1.00
2009.11.11 22:58:31.546,1.4901,1.4906,1.00,1.00
2009.11.11 22:58:52.941,1.49015,1.4906,1.00,1.00
2009.11.11 22:59:06.328,1.49015,1.4906,1.00,1.50
2009.11.11 22:59:17.275,1.49015,1.4906,1.00,1.00
2009.11.11 22:59:17.515,1.49015,1.4906,1.00,1.50
2009.11.11 22:59:49.437,1.49015,1.4906,1.00,1.00
2009.11.11 22:59:50.137,1.49015,1.4906,1.00,1.50
2009.11.11 22:59:53.067,1.49,1.4906,2.40,1.00
